Customer ID,Recency,Frequency,Monetary,total_number_of_purchases,Interpurchase_Interval_Std,Purchases_Last_30_Days,Purchases_Last_60_Days,Purchases_Last_90_Days,labels,predictions
14399.0,394,193,2113.16,8,8.536760605274267,0,0,0,40.0,38.38
15551.0,37,151,1710.08,7,30.48051345078875,0,1,1,86.0,107.25
13421.0,40,272,4103.12,8,19.132285151283362,0,1,1,89.0,91.87
13134.0,86,121,2475.23,6,17.672431806018533,0,0,1,66.0,78.14
15827.0,73,231,3794.07,28,10.144687096520574,0,0,1,23.0,25.27
12502.0,96,147,3723.87,5,9.466548518848205,0,0,0,54.0,46.63
14208.0,95,35,567.05,2,78.20335482498403,0,0,0,456.0,475.85
13819.0,302,101,2642.35,6,35.33796996450307,0,0,0,87.0,103.89
13854.0,9,181,12253.96,39,10.163535555941952,2,3,5,18.0,18.96
15527.0,19,331,5575.64,23,10.201029915116235,1,2,3,32.0,32.31
14305.0,71,105,1858.96,3,4.586637978544692,0,0,1,32.0,33.35
13811.0,184,13,814.5,3,14.669076936938405,0,0,0,28.0,43.32
17134.0,107,37,637.1,3,38.8694599992709,0,0,0,168.0,156.98
13948.0,361,24,548.76,4,52.291331970121846,0,0,0,125.0,110.27
16633.0,17,152,2883.1,6,8.18238564714394,1,2,3,43.0,35.12
12802.0,187,138,2416.42,7,22.635627199626718,0,0,0,63.0,84.43
16574.0,71,86,1301.78,3,45.59396982094905,0,0,1,294.0,228.69
13996.0,386,33,895.76,2,2.2980970388562794,0,0,0,13.0,12.61
15734.0,115,43,2263.3,4,41.49584729373356,0,0,0,144.0,141.42
13515.0,73,76,1265.82,6,34.238074796427526,0,0,1,114.0,107.84
18287.0,43,155,4182.99,7,21.51898800872816,0,2,2,88.0,88.15
14013.0,110,68,1084.57,5,35.69173637172061,0,0,0,128.0,119.88
13203.0,10,169,2648.25,10,19.72136874635077,1,2,2,79.0,66.02
15351.0,12,372,3738.29,10,15.272372306488514,1,4,6,47.0,68.63
13805.0,52,13,924.6,2,21.93931022920578,0,1,1,76.0,75.43
14904.0,2,144,1640.64,4,32.016371821482906,2,2,2,142.0,183.77
13080.0,179,19,280.73,4,62.71715217124091,0,0,0,143.0,125.73
15180.0,367,58,904.4300000000001,3,23.484090492622112,0,0,0,110.0,114.43
17015.0,29,217,1842.56,3,8.253916148286564,1,1,2,78.0,59.35
13439.0,255,167,986.61,3,14.776895022501314,0,0,0,135.0,95.25
12635.0,90,179,2930.41,4,18.97626203752074,0,0,1,122.0,111.51
12571.0,40,34,519.61,2,14.100290132411523,0,1,1,81.0,79.57
14725.0,25,105,1315.24,4,38.66699232863983,1,1,1,170.0,197.25
16802.0,679,53,582.61,2,7.072427501871671,0,0,0,51.0,46.89
13052.0,212,253,3168.53,7,15.790742424681808,0,0,0,74.0,83.81
15011.0,396,20,416.6,2,4.588314677411235,0,0,0,20.0,19.86
15028.0,8,119,1157.71,6,30.077374987944598,1,3,3,77.0,114.65
15606.0,61,145,5230.99,17,13.346626168059482,0,0,1,37.0,38.52
16224.0,57,116,1616.54,5,17.422632728653817,0,1,1,82.0,90.22
17380.0,434,10,645.0,3,23.33452377915607,0,0,0,50.0,52.51
15208.0,1,48,970.52,6,32.66759958896151,1,2,3,84.0,74.73
17096.0,15,217,3759.18,11,14.11248569064457,1,2,2,54.0,55.7
14170.0,375,165,597.33,3,1.0853864490713077,0,0,0,10.0,8.7
14082.0,365,65,413.36,2,3.3749999999999996,0,0,0,27.0,25.02
12974.0,198,32,408.95,2,65.9151458438264,0,0,0,367.0,373.64
15976.0,165,398,1746.6399999999999,6,10.736690880043492,0,0,0,77.0,78.41
15191.0,463,35,588.05,3,38.587181657064484,0,0,0,112.0,120.43
18270.0,38,17,444.55,3,68.23378928360934,0,1,1,197.0,217.65
13027.0,114,86,17335.2,19,16.547698647612997,0,0,0,32.0,34.38
14853.0,24,31,1376.87,5,54.6211613238662,1,1,1,145.0,135.8
14806.0,75,20,303.43,2,83.27791139501393,0,0,1,363.0,373.62
16917.0,277,51,1857.83,2,50.20458146424488,0,0,0,355.0,354.04
13296.0,137,53,792.51,6,40.75962350162188,0,0,0,88.0,116.21
15571.0,12,635,4051.63,14,14.245126181824826,2,3,4,55.0,51.95
17602.0,2,927,7451.13,14,8.618426554932302,2,3,4,47.0,47.21
12878.0,236,47,854.99,2,4.275816728492016,0,0,0,29.0,29.91
14762.0,264,30,417.57,2,67.22171242009277,0,0,0,362.0,357.82
13937.0,169,54,880.13,2,32.00501140004454,0,0,0,233.0,238.86
14735.0,4,366,12240.16,56,7.142584519861346,6,6,9,13.0,12.84
16017.0,47,131,1553.83,5,37.59142621642723,0,1,1,164.0,155.09
14610.0,396,10,24.35,2,39.33333333333333,0,0,0,118.0,126.9
16585.0,594,18,341.59,2,24.49609812866963,0,0,0,101.0,101.91
13920.0,432,86,1774.68,4,8.92376677448364,0,0,0,43.0,49.0
13516.0,21,61,1685.26,4,31.77900383501287,1,1,2,132.0,115.26
16503.0,107,213,3614.34,11,12.087554855469145,0,0,0,43.0,49.18
18021.0,510,33,227.06,2,0.35355339059327373,0,0,0,2.0,2.5
17562.0,14,63,1122.38,7,8.38175601829896,1,2,3,26.0,30.49
14532.0,236,318,3859.1800000000003,11,8.817108640805776,0,0,0,46.0,44.77
14352.0,157,47,1078.96,4,12.548129564024894,0,0,0,39.0,39.69
14147.0,78,30,2590.2,9,48.62237620664272,0,0,1,70.0,79.82
15482.0,16,149,14592.56,19,23.313418667792494,4,8,8,40.0,35.38
14441.0,1,154,4611.6900000000005,11,19.929500358015094,1,2,2,69.0,65.88
14504.0,47,107,673.26,4,19.051377549219666,0,1,1,77.0,97.53
15540.0,11,31,460.68,2,66.45700364396015,1,1,1,364.0,357.96
15219.0,176,26,685.45,2,94.4,0,0,0,472.0,439.32
12480.0,28,242,5464.85,7,13.42803290780773,1,1,1,80.0,70.71
16060.0,401,24,541.95,3,14.290741633753223,0,0,0,46.0,46.82
16470.0,52,483,2458.6,11,11.620409430777153,0,1,1,68.0,57.65
15671.0,19,78,2657.13,7,15.775477391972464,2,2,2,42.0,54.67
14648.0,416,455,4546.86,15,5.23896992969835,0,0,0,22.0,26.9
16081.0,56,399,4460.18,8,13.238061859153227,0,1,2,88.0,84.37
13771.0,64,216,5728.82,9,22.58061941051218,0,0,2,74.0,78.78
12439.0,683,72,1158.18,2,5.103161130233569,0,0,0,43.0,35.87
14408.0,11,129,4109.77,11,24.319472893363123,1,1,1,72.0,65.53
13994.0,4,155,2313.14,6,5.373563098650686,1,2,4,29.0,26.43
12389.0,403,49,1433.33,3,26.624656625495327,0,0,0,126.0,125.23
13742.0,17,321,3131.02,12,6.75882970615958,1,1,2,28.0,30.78
12627.0,11,230,4478.53,7,4.396254229748958,1,1,2,22.0,30.7
17594.0,85,104,2497.88,4,29.308519911880406,0,0,1,173.0,136.59
13875.0,54,270,4814.37,14,12.08382428286794,0,1,1,51.0,49.01
13316.0,37,175,13191.57,10,19.144537638031256,0,1,2,67.0,66.89
15210.0,225,67,1176.19,3,30.376997953418712,0,0,0,175.0,161.94
16620.0,4,94,1758.93,6,36.399608652448805,1,1,1,147.0,125.84
17682.0,10,238,4456.78,11,13.859759531728418,1,1,1,63.0,56.42
15444.0,9,219,1418.26,2,2.0995849305836485,1,2,2,31.0,19.06
14987.0,16,17,1713.85,8,114.61658911344378,1,1,1,103.0,87.25
18174.0,7,2,162.5,2,,1,1,1,596.0,176.91
12593.0,109,21,418.09999999999997,3,20.205522955240156,0,0,0,55.0,58.03
17454.0,192,126,1547.94,10,15.383791218619178,0,0,0,56.0,54.38
13189.0,19,29,260.68,2,18.14229470444291,1,1,1,96.0,99.04
14819.0,64,57,470.16,4,52.10389221944542,0,0,1,218.0,182.63
15906.0,20,203,2555.64,10,12.406141391242347,2,2,3,48.0,48.51
13964.0,387,24,438.9,2,8.966119804454214,0,0,0,43.0,56.08
15212.0,241,10,208.28,2,45.0,0,0,0,135.0,140.83
14902.0,26,59,1035.6200000000001,3,52.442210293309245,1,1,1,264.0,240.83
16612.0,33,167,3245.43,9,20.905297685991112,0,1,1,88.0,77.51
14326.0,242,57,940.98,3,30.777859304646636,0,0,0,145.0,138.75
14784.0,26,27,449.93,3,59.12490039022345,1,1,1,182.0,209.33
12572.0,9,60,1020.42,2,5.598123172175427,1,2,2,43.0,41.85
16799.0,432,106,495.98,2,2.0493901531919203,0,0,0,21.0,18.73
16586.0,249,28,1462.78,3,51.379128202168,0,0,0,193.0,177.44
15813.0,208,40,1303.9099999999999,2,4.963972767957701,0,0,0,31.0,30.44
12357.0,33,296,18287.66,3,20.66889909575516,0,1,1,178.0,187.82
12810.0,535,32,534.99,2,25.503952887802033,0,0,0,142.0,141.35
15577.0,151,60,397.98,5,57.54220365641613,0,0,0,144.0,128.36
15695.0,267,59,1131.04,4,44.49485583758261,0,0,0,138.0,147.49
12605.0,376,76,1232.95,4,5.913246695892748,0,0,0,27.0,26.62
17588.0,100,71,2939.55,7,27.323701782317617,0,0,0,90.0,71.4
16549.0,10,3250,13182.19,34,4.046400711987295,4,7,8,18.0,17.93
15752.0,40,610,4207.54,9,6.734743911953043,0,1,1,52.0,40.1
16904.0,4,982,5132.37,21,3.6903540052209483,2,2,2,20.0,23.02
13462.0,253,71,1153.85,5,33.37476514134842,0,0,0,118.0,118.37
14367.0,8,524,9261.52,16,3.71770886938796,2,4,6,18.0,18.99
13066.0,24,48,470.8,2,1.021054940485262,1,2,2,7.0,3.44
12646.0,5,45,1346.97,2,6.633249580710799,1,2,2,44.0,41.44
12885.0,63,71,1175.22,3,7.171371656006362,0,0,2,30.0,41.48
14868.0,3,211,4184.01,12,12.425412922984721,2,3,4,38.0,47.37
18066.0,75,53,1440.4,3,43.22648533816738,0,0,1,170.0,212.62
15712.0,9,166,3472.4100000000003,12,18.331496246061427,1,1,2,66.0,58.72
14132.0,2,200,3586.0299999999997,11,4.165495495521753,3,5,6,18.0,18.4
16201.0,3,124,2112.12,5,28.141814949179807,2,3,3,103.0,148.97
17459.0,43,111,657.3,2,1.5255401427929476,0,2,2,16.0,13.62
17095.0,23,137,2572.25,7,29.584913425536907,1,1,1,117.0,103.87
13452.0,259,3,729.8,3,135.0573952066306,0,0,0,106.0,144.96
16011.0,8,455,5880.46,29,7.579839266040222,2,3,4,26.0,26.21
16880.0,31,187,1840.86,8,23.017779918704896,0,1,1,66.0,90.54
13799.0,117,106,2803.57,9,23.752123483246073,0,0,0,66.0,72.45
13808.0,6,76,1747.66,5,5.919946432677053,1,2,3,23.0,26.0
15883.0,2,49,396.48,2,4.474464586219599,1,2,2,31.0,31.64
12785.0,364,56,1100.4,3,34.64915058646657,0,0,0,183.0,165.02
17340.0,30,777,22404.82,18,6.629785231175023,1,1,4,37.0,35.31
13505.0,73,215,4393.63,4,7.106614585419178,0,0,1,53.0,52.68
14032.0,2,244,4850.2699999999995,16,17.269414099316553,3,4,5,48.0,43.75
15949.0,17,19,364.72,2,12.727922061357855,1,1,2,54.0,48.46
12816.0,96,29,572.2,2,15.11857892036909,0,0,0,80.0,77.05
13334.0,82,480,6263.75,5,13.747762348586326,0,0,1,142.0,116.83
18030.0,4,9,230.64999999999998,2,13.435028842544403,1,2,2,38.0,41.63
14474.0,46,132,1278.08,2,46.56842622003333,0,1,1,533.0,509.48
12370.0,51,202,4320.31,7,25.136244668205734,0,1,1,103.0,103.55
16563.0,54,90,4422.76,6,40.69228869885008,0,1,1,137.0,117.76
17935.0,138,64,686.14,7,43.04338182455009,0,0,0,99.0,98.34
14236.0,81,50,1744.64,5,42.619290369087864,0,0,1,106.0,133.25
17894.0,72,422,2453.38,18,9.753682247485367,0,0,1,23.0,37.25
14997.0,46,38,776.5999999999999,4,79.43776720715945,0,1,2,203.0,192.35
18189.0,78,86,1403.73,3,43.64751862767162,0,0,1,274.0,224.93
13158.0,95,100,1508.18,5,18.159932199692353,0,0,0,73.0,75.64
15440.0,55,62,383.68,3,13.76059949132507,0,1,1,77.0,67.31
12862.0,426,133,1008.3199999999999,2,6.005679130471576,0,0,0,69.0,43.33
16009.0,22,90,992.71,4,12.370287146457104,1,3,3,46.0,59.28
12438.0,14,98,2906.85,2,12.691827064170239,1,1,1,125.0,128.95
15637.0,53,41,797.59,5,62.67692905605249,0,1,1,168.0,151.46
17726.0,395,64,1092.06,7,19.963561275530058,0,0,0,48.0,56.13
12739.0,78,89,2726.73,4,30.5391384286879,0,0,1,105.0,135.77
14150.0,36,26,658.64,2,64.8,0,1,1,324.0,345.25
17966.0,38,114,1974.42,10,34.101353914641436,0,1,1,72.0,70.21
13525.0,15,6,628.78,2,104.20076775149019,1,1,1,233.0,296.86
15505.0,53,97,3610.96,5,5.312091057531748,0,1,2,26.0,29.56
15365.0,26,218,4557.13,13,21.382622551790824,3,3,5,54.0,55.51
17038.0,30,63,743.17,2,48.76804876807315,1,1,1,384.0,368.32
15531.0,8,228,2007.44,2,1.4601912855199384,2,2,2,22.0,15.65
16655.0,18,610,6548.37,13,8.787857471658443,2,2,3,55.0,52.29
13510.0,1,289,4558.29,11,16.089873755143206,1,2,2,72.0,69.29
17550.0,197,334,2547.64,9,11.93411335692069,0,0,0,59.0,65.06
12615.0,2,270,5740.98,8,18.76698771773346,1,2,3,90.0,87.57
15378.0,463,12,246.5,2,11.758942438532781,0,0,0,39.0,41.82
17706.0,4,765,20749.98,31,7.695328697067451,1,3,5,23.0,26.01
16430.0,57,28,1117.94,7,70.0392645271106,0,1,1,104.0,99.13
14234.0,22,159,775.46,4,1.6457759779814747,2,4,4,12.0,13.72
16624.0,81,48,810.5699999999999,2,16.92033901375577,0,0,1,116.0,117.99
17221.0,7,126,978.52,5,49.69042615648313,1,2,2,150.0,170.99
12831.0,262,22,451.11,3,43.64357804719848,0,0,0,100.0,133.61
14358.0,389,25,400.06,2,7.756717518813396,0,0,0,38.0,36.79
16086.0,59,137,2864.9900000000002,10,21.329431832783737,0,1,1,75.0,61.44
12363.0,110,23,552.0,2,28.142494558940577,0,0,0,132.0,127.79
13404.0,1,11,252.49,2,66.7240586295528,1,1,1,211.0,289.85
18101.0,11,112,629.16,5,36.72412815658922,1,1,1,166.0,153.93
14403.0,130,25,1880.51,6,70.80955270034679,0,0,0,102.0,113.28
14052.0,20,125,480.81,2,33.31678352596673,1,1,1,371.0,353.85
16560.0,27,199,3048.38,8,27.52157353224587,1,1,1,101.0,98.39
14499.0,26,319,2138.9700000000003,7,11.826185319315492,1,1,1,74.0,73.4
18079.0,45,140,4242.75,5,24.222362915002986,0,2,2,112.0,133.72
15960.0,374,26,410.95,4,8.37098162304358,0,0,0,20.0,26.96
17525.0,360,26,1161.9,3,9.605900964164336,0,0,0,34.0,29.79
14776.0,51,190,3708.3,15,10.11906768379122,0,3,3,28.0,38.96
13922.0,352,30,865.2,3,16.54967146549331,0,0,0,58.0,56.01
18035.0,36,61,1276.74,5,44.145941198413546,0,3,3,87.0,141.44
16851.0,4,20,342.45,3,8.846646703397669,1,3,3,24.0,34.86
16034.0,196,57,928.72,6,18.434862512211904,0,0,0,43.0,58.81
14248.0,318,47,1032.95,3,22.14641659763363,0,0,0,98.0,103.57
16675.0,442,23,608.86,2,7.675225788801975,0,0,0,36.0,34.48
12788.0,463,26,444.9,4,8.256714439371954,0,0,0,22.0,28.25
15402.0,149,131,1830.54,6,20.016034121272565,0,0,0,89.0,84.33
13441.0,92,38,720.9,2,55.73125669651613,0,0,0,339.0,346.63
15134.0,15,85,1596.29,10,18.32358396172878,1,3,4,45.0,55.33
14715.0,25,138,1840.45,8,24.27615912997579,1,1,1,95.0,85.51
14214.0,31,67,1004.38,5,18.448068609782307,0,2,2,62.0,68.67
16362.0,32,94,946.94,6,36.05651763229661,0,2,2,81.0,119.83
13744.0,95,72,1156.36,2,23.37959866641891,0,0,0,197.0,183.82
16422.0,17,712,63651.47,109,2.821197077241174,3,7,12,6.0,7.42
14233.0,49,73,2904.27,7,31.67983417860208,0,1,1,99.0,91.46
12693.0,127,79,1703.02,7,17.843456626700565,0,0,0,66.0,65.3
18246.0,24,5,758.8199999999999,3,182.11786476528508,1,1,1,293.0,271.23
13207.0,15,13,535.86,4,97.3853249476096,1,1,1,199.0,215.59
16558.0,1,780,13873.51,38,5.512339903566379,2,4,6,20.0,18.16
13070.0,192,33,751.7,4,56.589700063048625,0,0,0,180.0,148.12
12919.0,8,50,1335.19,6,13.133180961856528,2,3,3,32.0,37.61
17705.0,3,120,2083.9,11,20.007810752257086,2,2,3,57.0,59.53
17278.0,241,17,271.24,2,80.75,0,0,0,323.0,327.42
16510.0,372,131,2100.0,6,14.719569035199083,0,0,0,64.0,59.12
13856.0,169,54,1142.03,11,36.10472993871787,0,0,0,45.0,65.09
12623.0,276,174,3747.84,7,14.215131694144299,0,0,0,70.0,62.06
15122.0,114,228,4497.47,11,13.033966894618809,0,0,0,50.0,50.57
14075.0,5,81,1734.87,6,32.63644920109564,2,2,2,107.0,113.34
15447.0,331,29,492.88,5,38.999983041646026,0,0,0,74.0,85.16
16643.0,246,55,923.11,2,23.950566373879965,0,0,0,176.0,167.76
13492.0,136,50,1269.84,3,8.175165645620483,0,0,0,39.0,38.62
15094.0,463,5,83.0,2,90.5,0,0,0,181.0,195.58
17739.0,12,149,7730.59,18,17.95625391348725,1,2,4,42.0,39.73
13813.0,40,143,2765.47,8,34.55127321057042,0,1,3,99.0,94.23
15106.0,18,100,1422.52,5,12.518038931929341,1,1,2,63.0,54.38
14910.0,3,30,434.35,4,5.853296826903822,2,4,4,17.0,17.55
18048.0,203,61,401.73,3,37.43883901333836,0,0,0,145.0,180.75
12653.0,149,86,4160.83,3,29.446661650396656,0,0,0,189.0,175.09
13330.0,93,118,2806.18,6,23.156342119845977,0,0,0,112.0,94.3
12942.0,131,91,942.65,3,18.953402350875088,0,0,0,117.0,109.18
12538.0,29,34,640.45,2,60.75310192853855,1,1,1,349.0,341.95
15050.0,25,156,4193.79,5,28.611620034619612,1,1,3,114.0,151.58
17998.0,380,58,639.24,3,47.285805147222064,0,0,0,179.0,189.73
17182.0,423,6,321.3,2,131.9280106724876,0,0,0,295.0,222.72
16428.0,414,136,660.28,3,7.229568912920512,0,0,0,42.0,50.88
16650.0,72,98,1916.11,7,35.713803077249416,0,0,1,74.0,104.68
18125.0,30,196,1142.99,4,14.03538634259436,1,1,1,95.0,85.36
13384.0,31,264,6680.83,11,14.38389309527979,0,2,5,47.0,57.24
17289.0,32,279,2079.39,9,16.714675376983877,0,2,2,76.0,77.77
13277.0,16,23,523.3,7,57.53209155281561,2,2,2,87.0,98.53
18258.0,464,50,2059.67,6,7.426510703182874,0,0,0,22.0,26.34
12981.0,30,20,372.21999999999997,2,23.629820588667858,1,1,1,103.0,99.23
13782.0,13,244,1793.72,13,15.106125052911683,1,2,3,60.0,54.12
15887.0,407,37,1027.15,3,17.908940748412753,0,0,0,74.0,75.68
14014.0,77,76,1948.21,3,41.18141800848035,0,0,1,250.0,221.97
17449.0,2,598,4951.15,13,10.41994308415316,1,3,3,61.0,58.47
17584.0,7,124,5309.42,6,34.27668658873839,1,1,1,135.0,126.85
17342.0,380,35,1227.54,4,33.46299203608563,0,0,0,97.0,91.18
16456.0,99,415,6862.91,13,9.405174708421205,0,0,0,43.0,48.76
14947.0,72,54,1049.79,6,41.45350797770286,0,0,1,110.0,122.46
17723.0,127,12,3378.4000000000005,7,46.975041729141076,0,0,0,41.0,94.13
13406.0,427,9,568.92,2,72.12489168102785,0,0,0,204.0,234.36
16778.0,74,16,245.94,2,51.381579059685066,0,0,1,199.0,174.61
17396.0,39,50,8807.1,14,34.08239565930704,0,1,2,31.0,45.66
17880.0,365,45,824.9200000000001,3,43.17749394171319,0,0,0,182.0,170.44
16618.0,31,96,2647.59,5,19.95439930220296,0,1,1,73.0,85.59
16232.0,44,105,2712.97,7,24.60290873044296,0,1,1,84.0,84.93
18145.0,13,405,5617.79,11,12.635632479875081,1,1,2,72.0,62.52
15424.0,254,33,597.78,3,36.76955262170047,0,0,0,104.0,128.55
12540.0,20,771,22254.49,33,5.284726417250602,1,3,6,22.0,21.4
14944.0,30,303,9784.67,19,12.046593974782198,3,3,5,35.0,37.63
16105.0,249,110,2386.19,5,20.159502438455394,0,0,0,89.0,90.89
16012.0,35,241,2989.79,5,18.88218214746194,0,1,1,124.0,127.81
15393.0,16,44,891.34,5,61.03439293307298,1,1,1,177.0,153.28
14628.0,91,86,1998.0,5,34.432249881946035,0,0,0,148.0,131.58
14758.0,145,136,2864.97,7,18.330115803894696,0,0,0,78.0,74.67
13360.0,432,66,1553.65,4,27.277579550866424,0,0,0,90.0,98.25
15715.0,556,38,658.02,5,7.4939414969133,0,0,0,16.0,23.2
12388.0,16,146,3901.11,8,19.761601180725556,1,1,2,81.0,73.95
14615.0,394,48,951.76,5,12.217615162502844,0,0,0,38.0,37.22
17228.0,16,358,3177.24,13,11.294711156561569,2,2,4,52.0,51.53
15953.0,15,186,3669.5499999999997,18,16.92090711316373,2,3,4,42.0,38.94
16050.0,174,21,300.7,3,46.688328305905316,0,0,0,114.0,146.48
15133.0,128,49,1806.9,5,29.47627216198439,0,0,0,98.0,97.54
18049.0,437,95,556.52,2,15.780745067759538,0,0,0,153.0,140.74
18022.0,36,496,1651.79,5,16.78349021199315,0,1,1,128.0,142.67
16120.0,59,95,3056.91,6,37.33744911456832,0,4,4,72.0,112.17
15370.0,41,144,3739.01,8,12.987872120560532,0,2,3,53.0,51.71
17655.0,11,120,3652.48,9,14.512919753323763,1,2,2,51.0,51.81
13579.0,15,90,1539.04,5,43.396551997017305,1,1,1,161.0,169.59
17105.0,159,90,665.78,2,15.58196883609349,0,0,0,147.0,136.24
14594.0,7,84,634.83,2,40.06395489623698,1,1,1,365.0,374.32
15855.0,137,95,1052.72,6,22.743695403831875,0,0,0,68.0,82.48
17339.0,94,14,362.36,3,81.87983690938626,0,0,0,208.0,207.34
14695.0,519,86,1620.07,3,23.10309375768688,0,0,0,106.0,133.21
17742.0,113,85,2098.48,11,28.246294036437526,0,0,0,62.0,58.42
14363.0,402,8,227.47000000000003,2,18.520259177452136,0,0,0,49.0,52.64
12679.0,59,48,1113.02,4,20.536783632330238,0,1,2,75.0,73.45
15533.0,19,83,807.57,3,6.9805187684313825,1,1,3,34.0,33.11
16807.0,143,142,2123.88,6,20.59118155551247,0,0,0,96.0,82.64
12598.0,10,206,4534.09,11,19.843411390427708,3,3,4,64.0,66.19
14655.0,8,103,3878.51,7,26.84302969226089,2,2,3,98.0,87.53
12939.0,64,86,25264.8,20,20.356844560200855,0,0,4,33.0,33.23
18150.0,32,37,566.58,3,20.418226373854516,0,1,1,84.0,78.91
16228.0,385,55,890.8100000000001,3,1.9051586888313607,0,0,0,7.0,11.38
15757.0,66,193,2940.36,6,17.58122511202762,0,0,1,96.0,91.19
17611.0,7,1124,8371.98,28,4.979567714347466,2,5,6,27.0,23.84
13148.0,29,793,8621.81,26,6.854628649927857,2,2,2,28.0,31.89
13902.0,632,63,34095.26,5,6.527815438956334,0,0,0,23.0,26.08
15538.0,538,14,3358.3999999999996,6,19.33742220245236,0,0,0,25.0,36.43
14808.0,40,235,2741.17,8,5.146680157424111,0,1,2,19.0,28.29
14618.0,9,51,1342.32,7,49.58902528353859,2,2,2,90.0,105.43
13992.0,30,11,219.5,3,110.52847797940785,1,1,1,216.0,252.08
13209.0,30,366,8509.51,13,12.753416451709207,3,3,3,54.0,53.73
15653.0,93,6,877.4399999999999,2,10.285912696499032,0,0,0,23.0,33.64
12409.0,79,264,23419.29,7,17.251982160225474,0,0,2,81.0,102.05
13008.0,323,35,612.13,3,56.78738059961401,0,0,0,200.0,188.34
13936.0,180,59,939.66,3,26.763743070312415,0,0,0,117.0,128.56
14737.0,4,45,3554.17,4,38.71361757891545,1,1,1,132.0,138.3
12407.0,50,77,1708.1200000000001,5,13.572831480054738,0,1,1,54.0,51.68
14961.0,11,670,16410.15,22,8.092174554921973,1,1,2,34.0,35.5
15443.0,2,646,5175.93,14,10.884259276809555,3,4,5,49.0,48.03
13607.0,40,122,1078.31,2,32.90909090909091,0,1,1,362.0,350.3
13654.0,43,329,6308.0,11,14.513989414177292,0,2,2,69.0,59.96
14629.0,4,152,959.01,2,3.4992903727159868,1,2,2,43.0,33.36
13979.0,73,406,3416.23,7,19.02229309950502,0,0,1,110.0,113.6
13890.0,1,173,2927.38,14,26.255114194225644,5,8,8,56.0,51.81
14085.0,2,1068,10104.97,33,5.493090931222111,4,6,6,23.0,21.54
17689.0,388,22,317.08,2,18.54852067005935,0,0,0,85.0,89.29
12711.0,612,60,1339.05,2,8.462279213753552,0,0,0,65.0,58.68
14048.0,305,141,748.69,3,6.507687761409579,0,0,0,38.0,38.65
15142.0,46,142,2619.92,6,30.896788670539472,0,1,1,91.0,118.38
14344.0,127,243,3333.7000000000003,20,9.638033384869683,0,0,0,26.0,31.21
17512.0,29,197,5467.820000000001,18,16.297974306940137,1,2,2,41.0,38.73
14359.0,19,55,912.18,3,6.703801189202035,1,2,3,34.0,30.11
12826.0,3,166,2955.75,12,22.347358559565837,2,2,3,65.0,61.41
17552.0,60,156,3085.29,12,25.814709874708544,0,1,2,52.0,61.99
17422.0,16,205,3594.76,11,11.86768630233284,1,1,1,52.0,47.88
14679.0,382,63,1289.44,3,31.704699900321305,0,0,0,174.0,164.21
14334.0,17,258,4318.48,12,10.787228541701287,1,1,1,50.0,49.56
17194.0,274,61,812.5,3,24.311973056465515,0,0,0,128.0,120.22
14903.0,21,355,2810.63,5,7.37288310358972,1,1,1,64.0,42.06
14304.0,223,88,1725.01,3,26.273381282589334,0,0,0,174.0,161.15
16671.0,28,6,1692.27,3,56.542019772908716,1,2,2,68.0,118.75
14842.0,44,145,2824.69,4,13.167203302628195,0,1,1,88.0,76.96
14437.0,366,48,958.84,5,15.938277107353425,0,0,0,54.0,52.72
16737.0,53,2,835.1999999999999,2,,0,1,1,524.0,250.86
16170.0,51,440,6869.0,20,9.334892111436199,0,1,1,32.0,33.75
12804.0,466,67,327.02,2,4.185110693297313,0,0,0,34.0,32.74
15597.0,35,37,563.37,2,90.00000000000001,0,1,1,540.0,581.83
17301.0,21,121,330.43,2,55.04611702926919,1,1,1,603.0,536.1
16526.0,172,35,717.21,2,70.65741707871364,0,0,0,412.0,395.68
15211.0,60,75,1277.48,2,35.33928217812106,0,1,1,304.0,280.07
13016.0,73,47,789.89,3,7.22465585158996,0,0,2,24.0,35.82
15405.0,189,30,659.84,2,71.67840053634201,0,0,0,386.0,377.77
16660.0,16,24,1879.55,7,66.38779948867575,2,2,2,113.0,103.8
13459.0,625,73,1160.4099999999999,2,6.717514421272203,0,0,0,57.0,44.22
17623.0,33,196,2383.67,7,29.699739797053585,0,1,1,115.0,110.49
15829.0,99,51,636.14,2,5.798275605729689,0,0,0,41.0,39.24
14480.0,11,65,1299.52,4,59.72395992304,1,1,1,236.0,214.94
17193.0,36,44,2310.04,9,62.599378355880134,0,4,5,88.0,75.12
16960.0,39,470,2043.43,8,13.595353398410206,0,1,2,87.0,89.63
14675.0,16,240,1066.9,2,24.062679657537206,1,1,1,372.0,350.45
16863.0,31,56,998.52,3,45.42083800693824,0,1,1,189.0,206.9
17423.0,46,43,1118.95,3,37.291082778862524,0,1,1,174.0,167.05
14037.0,176,114,836.95,6,26.167852016172983,0,0,0,111.0,97.77
14986.0,376,100,566.9,2,30.854660928457815,0,0,0,307.0,290.52
13174.0,16,1132,9494.84,12,10.1573135946291,1,1,1,65.0,64.39
13870.0,2,241,5712.08,15,14.745254301206622,1,3,3,48.0,46.1
15358.0,5,1130,17050.41,42,4.303242610548767,2,4,7,18.0,17.54
18055.0,7,584,11195.57,14,6.0393793573554335,1,2,3,31.0,31.91
15114.0,30,231,3400.12,12,8.570932770204037,1,1,3,35.0,38.31
13878.0,55,107,2473.06,4,47.98104222812792,0,1,1,183.0,214.02
18058.0,10,16,774.06,3,138.6311653272813,1,1,1,328.0,264.33
16202.0,361,124,2501.9900000000002,9,15.908755386080953,0,0,0,47.0,55.36
13104.0,3,30,1709.1,9,41.54248819128619,1,2,3,81.0,82.38
12475.0,54,61,1149.64,2,45.95940237499468,0,1,1,356.0,351.5
13019.0,379,55,1229.95,6,27.25473820672254,0,0,0,71.0,75.03
14171.0,98,64,498.79,2,79.62451564727719,0,0,0,632.0,590.03
17028.0,581,95,1593.83,3,10.089629215566761,0,0,0,70.0,58.94
15432.0,23,16,320.76,2,133.74702488902946,1,1,1,518.0,466.55
12376.0,390,13,503.15,2,8.082903768654761,0,0,0,28.0,28.88
17334.0,302,31,635.15,3,17.705801374093483,0,0,0,52.0,63.82
13055.0,78,154,2321.11,4,20.531709222354852,0,0,2,117.0,113.52
13426.0,1,343,8167.38,22,10.332622161016708,3,3,5,35.0,33.11
15822.0,3,65,1840.06,6,50.82384767078828,1,1,1,146.0,128.11
16153.0,50,226,5133.49,11,12.872841165901942,0,1,1,51.0,53.16
12604.0,79,16,254.18,2,46.99219793398333,0,0,1,182.0,171.71
17770.0,199,38,1143.27,5,10.530735795584105,0,0,0,21.0,31.2
16936.0,26,141,551.17,2,30.34103774475374,1,1,1,359.0,351.71
12811.0,261,56,1033.9,5,14.359782972014829,0,0,0,42.0,49.16
12664.0,8,45,6070.04,11,45.802701019905115,2,4,6,72.0,62.07
15433.0,214,41,533.3,2,8.380035799446206,0,0,0,53.0,47.82
15889.0,157,399,1806.28,8,15.766521473431474,0,0,0,82.0,88.63
16768.0,48,164,1708.12,9,20.135526950654903,0,1,1,86.0,71.74
14335.0,16,63,468.26,2,10.160010160015242,1,1,1,80.0,79.47
14026.0,471,50,713.11,2,21.999999999999996,0,0,0,154.0,154.75
14031.0,7,781,40999.17,44,4.786171800675267,2,3,6,17.0,17.64
17472.0,191,230,935.1,4,22.628568969537866,0,0,0,146.0,145.88
18248.0,123,47,804.02,2,9.288843237758519,0,0,0,63.0,64.1
15205.0,85,37,653.24,2,7.000000000000001,0,0,1,42.0,40.78
16287.0,170,42,1006.98,5,45.74426526766004,0,0,0,130.0,119.92
12483.0,17,139,5120.58,19,16.714428021740332,1,2,2,37.0,36.53
15636.0,90,57,1444.58,4,36.66157973371344,0,0,1,160.0,145.56
15279.0,355,94,1580.54,5,18.818583466455824,0,0,0,80.0,71.58
17373.0,40,91,1167.5,7,31.16566823292088,0,1,2,102.0,94.81
15045.0,152,12,735.66,2,31.65869118066518,0,0,0,105.0,112.82
13115.0,12,314,5494.7,10,14.697493752398264,1,3,3,65.0,69.47
12522.0,39,12,192.72,2,3.6181361349331636,0,2,2,12.0,16.56
13221.0,240,66,847.41,2,14.760133416115806,0,0,0,119.0,111.31
17255.0,41,190,799.13,4,20.238790341083547,0,1,1,135.0,140.73
12580.0,247,58,1052.9,2,43.57711454743994,0,0,0,329.0,336.0
13617.0,40,107,1278.75,8,24.213062939068337,0,1,1,65.0,82.35
17530.0,1,558,3141.51,12,13.089542677547206,2,3,4,67.0,60.74
17673.0,2,520,4233.58,13,8.706026540196023,1,1,2,52.0,52.35
14669.0,242,395,3243.93,7,16.30171351500817,0,0,0,82.0,102.65
14448.0,9,20,375.35,2,81.21316979017887,1,1,1,354.0,367.95
12797.0,366,43,806.11,2,8.94959429780133,0,0,0,58.0,61.33
14609.0,72,13,1486.2,10,40.90815655498635,0,0,1,66.0,69.35
13309.0,7,130,1706.3700000000001,6,16.165387945912727,1,2,3,77.0,72.57
16873.0,5,512,14617.39,12,9.479049378246195,1,1,2,60.0,58.06
16306.0,214,69,1192.82,7,13.569990583082,0,0,0,37.0,41.75
13164.0,569,10,372.2,2,32.666666666666664,0,0,0,98.0,97.47
18061.0,22,128,6488.97,28,12.65717087279725,1,1,2,26.0,26.98
15603.0,79,4,88.48,2,328.51230316889706,0,0,1,569.0,440.61
14973.0,107,32,1314.45,3,16.84776874924264,0,0,0,59.0,63.07
15489.0,23,114,2419.61,8,26.376722896256304,1,2,2,96.0,85.38
12695.0,7,59,1407.1200000000001,7,45.501111850957244,1,1,2,110.0,110.86
17203.0,36,270,5575.88,10,20.021537257904853,0,6,6,39.0,69.43
15590.0,382,87,1496.6,5,18.28749357732298,0,0,0,56.0,75.68
14128.0,61,65,924.21,3,43.879061336923826,0,0,1,245.0,231.7
13593.0,108,410,5523.6900000000005,14,8.80741625246324,0,0,0,41.0,43.19
16972.0,383,88,786.25,2,7.826421504315902,0,0,0,73.0,62.86
13760.0,54,119,1363.6399999999999,5,26.227975660137044,0,1,1,135.0,125.83
16704.0,618,58,695.66,2,7.020021492444732,0,0,0,53.0,47.01
17709.0,170,40,671.01,5,50.28495051516995,0,0,0,108.0,116.4
17662.0,662,15,412.92,2,16.035674514745462,0,0,0,60.0,62.25
14314.0,107,10,229.8,2,108.0,0,0,0,324.0,355.4
15650.0,522,36,553.88,2,17.917270200244552,0,0,0,106.0,111.02
14420.0,99,93,1639.17,4,37.74967686220833,0,0,0,197.0,179.15
16772.0,423,69,3723.5499999999997,3,33.64965654246432,0,0,0,149.0,176.31
13123.0,473,45,506.75,2,8.442317648177381,0,0,0,56.0,48.94
14428.0,7,144,1244.83,5,15.645659591087407,1,2,3,79.0,79.38
14096.0,4,5111,65164.79,17,0.3347245014002206,5,10,14,6.0,5.0
17928.0,45,27,341.24,3,73.49123443283244,0,1,1,262.0,259.18
15251.0,9,230,20324.54,21,14.439991986641623,1,3,3,34.0,32.99
16416.0,27,187,2972.88,9,27.452058022728135,1,3,3,78.0,80.32
13141.0,85,425,7668.58,17,10.292414710404179,0,0,1,40.0,39.07
16021.0,395,145,532.25,2,12.416666666666663,0,0,0,149.0,119.67
16736.0,506,143,2956.56,5,13.13106745752867,0,0,0,58.0,62.83
15108.0,142,60,1300.25,4,7.6727713521316625,0,0,0,28.0,39.04
13908.0,80,122,2369.55,4,10.550083884616832,0,0,1,65.0,62.98
14798.0,53,49,724.31,8,36.633989710754406,0,1,1,85.0,75.06
12610.0,23,106,2099.54,5,6.493967332964628,1,3,3,26.0,27.11
15407.0,34,153,1056.44,4,14.17717490382858,0,1,1,90.0,77.96
13559.0,513,2,990.0,2,,0,0,0,30.0,168.16
14473.0,74,7,234.34000000000003,2,84.9156444164835,0,0,1,208.0,285.53
15488.0,93,11,431.92,5,114.27593311318394,0,0,0,122.0,139.28
12417.0,3,371,6816.91,20,9.604936671681054,1,2,2,38.0,35.03
17534.0,54,92,1668.83,5,43.45194249364816,0,1,1,150.0,154.16
17254.0,5,148,470.73,3,31.841777555207486,2,2,2,198.0,231.34
15057.0,275,70,3255.96,5,29.57796350289666,0,0,0,114.0,107.15
12445.0,22,24,434.98,2,82.98873679471576,1,1,1,398.0,408.19
14861.0,52,86,1380.73,10,40.631299770108306,0,1,1,75.0,76.77
13997.0,519,46,382.31,3,4.621207153499565,0,0,0,16.0,22.11
14309.0,8,189,3780.81,11,14.463642374376922,2,2,2,54.0,49.71
15542.0,512,252,918.45,3,14.201874069700574,0,0,0,112.0,111.68
17076.0,36,50,1242.75,6,50.93827129961517,0,1,1,140.0,123.02
13361.0,472,34,1450.5,2,25.241260113576192,0,0,0,145.0,146.52
13211.0,10,206,2729.32,10,22.791598416809503,1,1,1,80.0,76.86
16333.0,8,45,26626.8,22,13.929355893311687,2,3,4,14.0,26.27
16250.0,261,49,791.38,3,16.221647387723333,0,0,0,62.0,68.17
16732.0,32,221,4387.64,4,29.674908020817877,0,1,1,233.0,175.08
18172.0,15,476,17479.84,52,7.588601384636409,1,6,9,14.0,14.58
12931.0,22,218,92347.34,57,9.982966804316131,3,3,4,13.0,17.58
17122.0,119,30,570.5,4,51.89682830556546,0,0,0,127.0,133.85
13895.0,28,186,4008.52,6,30.916646210835506,1,1,2,142.0,125.22
13733.0,411,29,487.03000000000003,2,61.23024462749481,0,0,0,324.0,304.63
12582.0,239,103,1980.4,4,20.696285787291522,0,0,0,113.0,100.64
14624.0,57,51,814.07,6,52.88981229781364,0,2,2,109.0,116.42
15569.0,104,142,3586.35,10,21.552687498295647,0,0,0,61.0,61.27
16692.0,256,5,1914.6999999999998,4,51.11017511220246,0,0,0,62.0,93.73
13048.0,14,268,4084.21,9,15.02763170750065,1,1,1,83.0,70.89
12418.0,113,102,2021.2,4,34.20786488224573,0,0,0,172.0,150.28
16676.0,34,133,2361.9,6,18.833240702414376,0,1,1,77.0,82.03
12669.0,151,101,2744.0299999999997,3,9.817912921869604,0,0,0,52.0,58.84
15908.0,491,41,764.57,2,3.3203915431767985,0,0,0,21.0,20.08
12379.0,82,81,1620.22,4,32.06761053726362,0,0,1,151.0,147.23
14856.0,36,66,1311.3799999999999,3,2.4806946917841692,0,3,3,10.0,17.77
13558.0,6,175,605.06,4,3.17833611769503,2,2,4,21.0,19.03
17572.0,71,36,723.01,10,41.13131257265661,0,0,1,73.0,69.39
13014.0,11,225,5381.08,11,12.151875631280292,2,4,5,42.0,45.51
12657.0,11,47,1643.18,4,6.833421703210848,2,3,4,22.0,21.99
17564.0,24,49,454.01,3,5.764859000077985,1,2,3,28.0,24.5
16130.0,422,55,987.48,4,18.67861440040288,0,0,0,65.0,70.0
15437.0,262,57,393.45,2,50.512374721448225,0,0,0,378.0,349.99
15852.0,187,33,257.26,3,58.12936594771931,0,0,0,170.0,199.82
12947.0,144,114,1908.03,6,11.682543678562348,0,0,0,46.0,48.45
15598.0,53,36,548.02,2,63.21753825369305,0,1,1,374.0,395.87
14226.0,29,98,3002.53,6,23.32224669112411,2,2,3,82.0,80.91
16204.0,23,110,944.24,3,47.5962176232748,1,1,1,354.0,305.65
15706.0,64,55,1060.56,4,5.585871165150052,0,0,3,17.0,24.51
13542.0,377,337,4006.17,17,5.236712802971939,0,0,0,22.0,24.18
12821.0,214,13,220.8,2,114.6040284341407,0,0,0,397.0,388.62
15312.0,75,163,2930.19,12,18.96954828090124,0,0,1,59.0,56.14
17941.0,131,7,1433.28,4,180.55691623418915,0,0,0,190.0,161.28
17250.0,4,57,384.52,2,34.343069585746534,1,1,1,257.0,249.76
16381.0,396,65,258.7,2,2.75,0,0,0,22.0,22.34
15970.0,304,24,1017.32,2,61.51175214683706,0,0,0,295.0,296.76
13595.0,517,152,818.22,3,7.400357965209862,0,0,0,64.0,56.52
14500.0,88,7,356.85,3,30.95588258581342,0,0,1,50.0,68.47
12559.0,311,21,561.71,2,1.7888543819998317,0,0,0,8.0,8.83
13933.0,109,23,608.7900000000001,2,8.314827937868808,0,0,0,39.0,35.61
16648.0,43,37,672.8,3,71.59788504458176,0,1,1,274.0,251.27
13693.0,374,106,2011.82,9,16.621497400179557,0,0,0,45.0,53.83
16133.0,4,545,22992.260000000002,56,4.934800981268838,5,8,10,11.0,12.95
17878.0,44,85,1412.33,3,38.29723973641667,0,1,1,176.0,187.39
16576.0,420,33,540.87,2,17.854446224960327,0,0,0,101.0,101.31
12408.0,33,159,4340.7699999999995,8,15.535091605537882,0,1,1,66.0,66.76
13363.0,18,102,1723.86,3,36.38506929121797,1,2,2,196.0,230.79
15428.0,15,44,762.75,4,68.29248704927515,1,1,1,235.0,214.15
12865.0,26,195,3323.47,4,20.673857686598925,1,1,1,150.0,142.23
18146.0,141,10,160.35000000000002,2,26.333333333333336,0,0,0,79.0,73.56
18196.0,95,281,1464.31,4,18.518334488759596,0,0,0,179.0,145.11
16087.0,389,10,1739.92,5,65.92314548859991,0,0,0,75.0,68.29
14199.0,218,18,1091.7,4,53.415546315986454,0,0,0,104.0,117.46
14056.0,1,1106,8214.65,23,1.9445523954432742,2,4,6,13.0,14.2
14687.0,107,40,1402.06,3,52.21293214713008,0,0,0,222.0,192.69
17295.0,29,69,556.95,3,4.244373438135827,2,2,3,18.0,22.8
13865.0,58,30,501.56,4,24.75873732425839,0,1,1,77.0,71.24
12719.0,5,39,644.95,2,9.571063846714988,1,1,2,59.0,59.34
14855.0,119,207,6520.3,7,24.760163325382116,0,0,0,82.0,94.57
16455.0,64,225,4384.37,11,16.810975121305376,0,0,1,56.0,65.52
15882.0,199,75,1495.98,8,30.834655971578442,0,0,0,76.0,81.35
17795.0,180,46,350.39,2,12.67105187249881,0,0,0,85.0,84.76
15070.0,373,34,843.25,3,43.831936260717896,0,0,0,176.0,166.7
17718.0,232,23,439.18,2,87.83869513851148,0,0,0,412.0,373.45
16080.0,82,30,602.5600000000001,4,41.6775683603722,0,0,1,123.0,120.12
12779.0,38,277,6722.2699999999995,14,14.517571471252518,0,1,1,54.0,51.94
17716.0,23,601,15956.97,24,8.554511935664653,2,2,4,31.0,30.63
17285.0,628,49,428.34,2,4.907477288111819,0,0,0,34.0,31.42
15368.0,21,8,722.74,2,140.60278395943254,1,1,1,372.0,381.09
14215.0,12,192,3416.33,9,21.86867918363394,1,1,2,90.0,81.44
12726.0,28,179,4014.6,11,15.098992001090464,1,1,2,60.0,50.0
16636.0,438,73,3802.04,4,17.833585624120364,0,0,0,69.0,78.38
13502.0,17,33,780.5,5,52.61790715360889,1,1,1,133.0,138.9
16264.0,438,66,837.53,2,0.8682431421244591,0,0,0,7.0,5.04
17573.0,29,25,380.6,3,11.274490251660277,1,1,2,32.0,34.27
12423.0,1,165,2622.39,10,13.760830892653335,1,1,1,52.0,48.13
13727.0,29,84,1080.05,8,63.72752984805564,1,2,2,100.0,93.29
13634.0,33,450,5073.47,16,10.32914172946254,0,1,2,44.0,43.74
17482.0,487,54,778.19,2,12.499811319330698,0,0,0,91.0,90.03
13585.0,531,39,684.54,3,26.853654810312285,0,0,0,104.0,107.02
13323.0,3,21,787.85,5,11.872125690922104,3,4,5,20.0,30.53
16639.0,31,81,1747.98,4,27.47113271984598,0,1,1,126.0,128.21
15630.0,45,80,1481.4,3,52.315042584549,0,1,1,300.0,238.71
16392.0,270,149,763.05,3,16.915936995467874,0,0,0,146.0,119.57
13651.0,35,14,226.85,3,94.76773225588485,0,2,2,173.0,226.28
14800.0,48,656,7774.32,17,4.627299024042848,0,2,3,24.0,29.09
14657.0,18,215,1460.8700000000001,6,14.768671683267254,1,1,1,83.0,86.57
13513.0,127,40,824.59,3,60.00959212574699,0,0,0,264.0,232.77
12361.0,287,29,511.25,4,42.52448718776055,0,0,0,131.0,120.39
18198.0,4,159,5425.56,17,7.369931567973813,1,2,3,21.0,29.3
12822.0,71,46,948.88,2,2.3851391759997753,0,0,2,16.0,18.23
17768.0,8,190,3509.51,7,28.511154057009012,1,2,2,122.0,109.25
16780.0,100,99,605.55,3,21.6875101369292,0,0,0,153.0,142.75
17163.0,22,30,699.78,4,79.19398457028302,1,1,2,218.0,198.35
14432.0,10,382,2255.51,6,1.8420800029843083,2,4,6,16.0,13.43
16978.0,78,67,768.88,3,72.37779669584765,0,0,1,294.0,303.17
17913.0,59,476,3479.64,14,14.732015198837782,0,1,1,52.0,51.96
17222.0,65,113,1605.01,6,40.70014656609888,0,0,1,126.0,124.5
14839.0,418,74,915.28,3,23.624472000896798,0,0,0,142.0,130.97
17048.0,118,101,2071.68,7,25.37854816711758,0,0,0,95.0,80.89
14135.0,2,256,9643.92,24,13.29411942325521,2,4,5,32.0,30.77
17211.0,27,377,4046.65,13,15.153002183636918,1,2,2,58.0,57.3
14162.0,174,25,289.36,2,24.086649137367914,0,0,0,118.0,114.5
17638.0,647,3,842.4,2,52.32590180780452,0,0,0,74.0,161.4
15792.0,400,57,933.84,2,29.13147536845426,0,0,0,218.0,214.37
12949.0,31,715,15526.7,22,8.408214567686997,0,1,1,34.0,36.83
15227.0,37,120,2488.4900000000002,9,22.687820894053853,0,2,2,75.0,73.33
12677.0,555,21,395.1,2,24.820354550247664,0,0,0,111.0,112.36
15856.0,4,1161,34220.340000000004,52,3.9188989568432633,6,9,10,14.0,13.7
16217.0,235,15,304.25,2,12.294017127971522,0,0,0,46.0,45.47
13619.0,545,49,231.69,2,18.619546181365433,0,0,0,129.0,125.29
16808.0,99,23,288.42,2,37.31012536223182,0,0,0,175.0,178.73
13508.0,244,28,287.05,2,76.78758580222022,0,0,0,399.0,387.61
17579.0,5,94,753.28,4,43.52109589327094,1,1,1,191.0,206.97
12621.0,2,770,24775.81,35,4.951493143686283,2,3,5,20.0,19.44
16487.0,577,35,209.4,2,13.891385396543216,0,0,0,81.0,84.04
17668.0,1,15,347.75,2,9.621404708847278,1,2,2,36.0,42.8
13044.0,291,419,4853.9,11,10.541053888502185,0,0,0,41.0,53.0
17266.0,2,127,517.73,5,35.84496776795473,2,2,2,160.0,165.75
14569.0,1,35,598.98,4,79.1005193210686,1,1,1,201.0,208.03
12547.0,198,21,383.58,3,51.378343789249534,0,0,0,151.0,156.52
16489.0,380,6,303.7,2,24.596747752497688,0,0,0,55.0,58.48
12731.0,24,393,25775.71,17,8.91790557680559,1,2,4,39.0,40.37
15612.0,36,6,195.15,2,11.180339887498947,0,1,2,25.0,32.21
17158.0,32,113,1980.0,5,29.50544743892945,0,1,1,152.0,128.16
12431.0,36,406,10857.97,27,8.418096960456298,0,2,4,25.0,28.14
17524.0,361,43,539.14,3,11.727054597118984,0,0,0,38.0,39.49
18057.0,393,140,1203.56,3,19.277230481990447,0,0,0,148.0,133.8
17064.0,59,62,859.35,3,24.047289476103977,0,1,1,134.0,122.79
13486.0,78,69,1122.41,3,6.792290211801503,0,0,1,38.0,35.76
14837.0,90,209,3460.32,9,19.870324099561834,0,0,1,74.0,71.39
13588.0,16,174,2478.95,9,9.728900187450444,2,4,5,30.0,39.58
17759.0,17,138,1276.91,5,27.997228133669626,1,1,1,142.0,145.69
17750.0,5,193,1797.57,9,4.026404451837038,1,3,4,20.0,23.71
13855.0,501,73,1310.3400000000001,4,18.29338370351269,0,0,0,77.0,78.98
14807.0,391,40,519.29,2,41.47319183551757,0,0,0,259.0,261.95
14011.0,480,32,457.82,2,22.809873357400413,0,0,0,127.0,126.77
17838.0,27,308,6722.900000000001,13,14.706404069858236,1,1,2,50.0,55.83
15519.0,383,37,344.61,2,10.5,0,0,0,63.0,63.96
13836.0,399,31,620.37,2,2.7386127875258306,0,0,0,15.0,14.26
12755.0,281,64,9030.66,11,23.144617583634385,0,0,0,41.0,52.46
16776.0,60,137,619.85,2,30.440998862795325,0,1,1,355.0,360.66
16977.0,395,28,496.0,4,37.40198967847608,0,0,0,79.0,107.15
17955.0,199,22,949.9,6,94.93223146765575,0,0,0,93.0,106.16
12870.0,375,93,1676.95,3,18.499028266985874,0,0,0,124.0,109.61
16601.0,41,72,684.25,3,49.40656690277834,0,1,1,291.0,237.43
12789.0,65,8,273.35,3,171.38136254730685,0,0,1,314.0,276.77
17438.0,254,71,1422.77,5,27.211859550700304,0,0,0,97.0,103.91
16551.0,96,88,2237.12,7,32.32147314562144,0,0,0,105.0,91.67
14178.0,9,327,1620.93,7,4.141832994806337,2,3,4,29.0,26.09
14365.0,395,51,634.68,2,40.587929240107826,0,0,0,287.0,292.59
14091.0,654,13,9530.08,2,12.701705922171767,0,0,0,44.0,42.15
13447.0,23,59,1129.14,3,1.3345427062199031,1,3,3,6.0,8.66
12948.0,16,125,2317.43,9,43.170539900981666,1,3,3,90.0,89.31
13800.0,310,73,1679.56,3,38.55040600067529,0,0,0,214.0,187.32
17469.0,16,267,5051.25,17,15.278005873476939,1,1,2,44.0,43.57
14398.0,401,53,707.79,2,17.473056181094716,0,0,0,126.0,122.05
14021.0,155,90,1716.58,7,20.077588265571087,0,0,0,73.0,69.53
16102.0,42,57,1842.14,3,8.364407431988933,0,1,1,43.0,38.34
14060.0,5,270,9519.08,30,8.316276909312162,2,3,5,22.0,23.78
15261.0,135,92,1508.0,4,26.04006962135904,0,0,0,100.0,131.09
14067.0,64,52,374.7,2,4.48089626888963,0,0,1,32.0,31.46
17769.0,13,591,7103.08,17,8.82762207255076,3,6,6,42.0,37.35
13709.0,4,408,7591.75,18,12.498373552215535,2,6,8,41.0,37.96
17995.0,282,29,495.48,3,18.885340469689304,0,0,0,52.0,62.43
13497.0,283,67,1320.33,6,24.502376080013825,0,0,0,77.0,72.25
16182.0,72,51,9971.65,9,29.309224013011633,0,0,1,71.0,69.07
14530.0,26,485,6197.4,16,8.786704702295935,1,1,1,44.0,44.47
12425.0,78,91,1741.41,2,39.00142447541003,0,0,1,370.0,379.3
12451.0,11,511,12669.88,8,10.781719865683169,2,2,3,74.0,80.99
12880.0,382,36,640.13,2,32.453923381575045,0,0,0,192.0,196.31
16791.0,29,698,4038.69,15,8.084502901031096,1,2,2,50.0,46.99
15222.0,319,138,3550.91,11,16.277412720627005,0,0,0,40.0,51.71
16518.0,61,68,959.37,4,35.32991757040248,0,0,1,165.0,129.9
13827.0,58,93,412.05,3,7.9686662411400535,0,1,1,42.0,48.99
15838.0,11,209,74163.0,34,11.427675363521962,5,5,7,22.0,20.6
14780.0,55,27,447.68,2,4.706787243316417,0,1,2,24.0,23.49
13291.0,156,328,3320.84,11,15.094507254809352,0,0,0,51.0,58.33
17977.0,29,108,1565.6299999999999,2,35.76925009468955,1,1,1,370.0,368.82
16919.0,156,640,5125.91,24,4.791844031486185,0,0,0,14.0,26.57
15135.0,239,20,305.68,2,72.72478763696807,0,0,0,317.0,329.78
18096.0,12,438,1805.28,6,18.46303048353849,1,2,3,100.0,123.08
12526.0,1,71,1316.66,3,7.880854490144074,1,2,2,46.0,43.93
15656.0,45,47,748.5,4,22.206409833225166,0,1,1,79.0,76.79
17145.0,513,180,3120.91,4,10.253950156748676,0,0,0,48.0,74.45
18017.0,81,4,688.0,4,26.689573494781314,0,0,1,117.0,67.12
16358.0,1,154,2919.65,5,19.531650726883253,1,1,3,98.0,107.61
15773.0,6,47,774.52,2,59.419108330423555,1,1,1,403.0,413.86
12970.0,7,383,1524.97,10,24.083484295835046,2,2,2,81.0,76.71
14590.0,425,204,3006.62,20,6.087835991664496,0,0,0,16.0,21.66
13507.0,3,162,2479.16,4,7.999029444231933,1,1,1,47.0,53.09
17994.0,122,314,2313.32,11,10.552702370501596,0,0,0,50.0,52.46
14110.0,4,400,12987.95,33,10.208323016925895,2,4,7,23.0,21.91
18062.0,173,54,1632.67,6,31.251716933966282,0,0,0,85.0,89.63
16309.0,106,42,706.57,2,20.92728409307321,0,0,0,134.0,131.34
18108.0,254,47,848.8100000000001,3,54.060352747003364,0,0,0,242.0,213.82
12975.0,437,112,2100.09,6,21.240824969210724,0,0,0,59.0,81.8
14520.0,2,4,270.6,2,166.85422779580185,1,1,1,289.0,432.52
12910.0,23,137,5796.52,13,19.175527931707514,2,2,4,50.0,52.69
12384.0,29,27,585.27,2,18.042684432712928,1,1,1,92.0,93.34
13925.0,93,41,678.25,4,4.976611966656298,0,0,0,14.0,19.46
12644.0,130,111,1918.49,4,36.52399213760808,0,0,0,188.0,168.65
17529.0,610,82,1240.25,2,9.666666666666666,0,0,0,87.0,90.99
13983.0,30,341,7108.45,21,9.992874435114622,1,3,4,35.0,33.38
18160.0,57,65,1003.88,3,29.002736597754534,0,1,1,164.0,150.82
17049.0,3,559,9947.48,19,8.281368062932097,2,3,4,36.0,35.6
17430.0,33,42,735.17,4,53.45538372119769,0,1,1,149.0,168.9
17166.0,39,12,206.34,2,49.749371855331,0,1,1,165.0,156.74
17381.0,9,174,40002.37,38,8.149014605306892,2,2,5,15.0,20.4
16360.0,5,662,3512.53,6,1.5280578533520122,2,3,6,17.0,11.75
13034.0,55,55,922.68,3,42.85844038167611,0,1,1,173.0,218.91
17812.0,13,233,1165.8899999999999,7,22.904396082509223,2,3,3,86.0,99.98
13427.0,19,52,1006.53,6,47.96116893373425,1,1,1,140.0,131.72
12989.0,3,97,13551.75,33,14.935471582896497,3,4,7,23.0,22.72
16452.0,631,18,332.17,2,15.279744377288978,0,0,0,63.0,51.42
15943.0,650,12,271.28999999999996,2,8.442317648177381,0,0,0,28.0,29.2
17685.0,17,213,5943.17,12,17.00970143095628,1,1,2,59.0,60.7
14216.0,3,77,2150.04,5,43.15799411627411,3,4,4,102.0,165.84
12631.0,57,183,3481.57,6,31.162863093509387,0,1,1,127.0,120.64
13162.0,122,238,9275.49,16,11.965387279197682,0,0,0,41.0,38.88
15077.0,495,32,2428.08,2,42.2072459762921,0,0,0,235.0,231.43
14660.0,87,30,285.74,2,2.599734734478726,0,0,1,14.0,13.79
12355.0,214,35,947.61,2,60.53900055530563,0,0,0,353.0,357.54
17058.0,82,62,1179.89,3,15.750617994641187,0,0,1,79.0,74.59
12982.0,243,178,2744.81,8,13.876852171661445,0,0,0,52.0,55.09
12775.0,17,81,1686.12,7,22.463328061419052,1,1,1,65.0,76.36
15808.0,306,858,18409.93,21,3.5286187039711168,0,0,0,22.0,16.0
18078.0,217,77,844.6,4,30.091844789029093,0,0,0,137.0,125.82
14241.0,184,12,333.70000000000005,2,154.37380842381498,0,0,0,512.0,430.9
16326.0,6,495,4826.99,24,8.26931488590189,2,4,6,29.0,29.0
14478.0,382,68,1276.66,4,27.627399073325044,0,0,0,119.0,104.39
17466.0,10,41,763.28,2,10.75174404457249,1,1,2,68.0,67.17
14159.0,20,1874,7938.01,20,5.018575204084279,1,3,4,38.0,31.54
17978.0,365,80,1461.76,4,31.669488591188106,0,0,0,122.0,129.46
14306.0,51,46,3151.4,6,52.58324809098408,0,1,2,125.0,112.46
13873.0,120,60,1038.92,8,27.935772123113985,0,0,0,75.0,66.93
13457.0,689,9,148.22,2,16.97056274847714,0,0,0,48.0,48.72
16072.0,288,556,4328.89,4,7.787814851964042,0,0,0,87.0,60.53
13833.0,159,45,701.36,2,36.78438403848716,0,0,0,244.0,256.36
12633.0,59,306,5678.16,7,11.272362492801202,0,1,1,78.0,72.26
12999.0,196,28,455.88,3,7.792172272091315,0,0,0,24.0,30.72
16103.0,7,200,6191.71,22,14.957340825369519,1,1,2,33.0,33.4
14287.0,8,9,176.63,3,67.17514421272202,1,1,1,95.0,193.18
12383.0,185,99,1850.56,5,8.825451641461967,0,0,0,42.0,43.13
17227.0,19,125,2022.03,12,20.13281855331247,1,1,3,61.0,51.1
16520.0,186,415,2482.62,6,11.188385069511792,0,0,0,92.0,90.55
16653.0,16,69,1212.66,2,6.6697296884991575,1,1,2,55.0,44.55
16296.0,626,74,1313.67,4,7.000951229128309,0,0,0,32.0,34.85
16948.0,139,43,868.77,7,32.160466205067586,0,0,0,86.0,59.5
14653.0,1,386,3614.54,12,17.95662085928148,3,5,6,67.0,61.16
17014.0,8,74,586.33,3,4.7733245325293225,1,2,3,29.0,25.19
16784.0,20,160,896.53,5,30.808087983001773,1,1,1,150.0,166.32
17897.0,173,346,2585.0,9,12.571450662353268,0,0,0,50.0,71.21
18168.0,176,404,3770.27,16,7.671127093316806,0,0,0,37.0,38.6
17873.0,80,179,6515.88,18,14.490837930460442,0,0,1,38.0,36.19
18060.0,408,75,1185.46,2,18.134631644035803,0,0,0,156.0,160.78
17822.0,420,176,2188.5,5,10.583005244258363,0,0,0,35.0,59.73
16108.0,85,135,2235.92,4,32.85813611863716,0,0,1,182.0,170.34
12672.0,330,22,437.05,2,57.82774091253798,0,0,0,265.0,261.6
15005.0,16,2454,14106.2,56,2.087260452569314,2,5,8,13.0,11.89
13554.0,380,200,1638.28,7,2.1548829744258464,0,0,0,11.0,14.24
13169.0,64,18,840.08,3,85.25515337192579,0,0,1,249.0,236.97
17461.0,23,111,757.46,3,0.5720775535473553,3,3,3,3.0,5.81
17413.0,405,10,560.14,2,55.0,0,0,0,165.0,197.98
14779.0,281,41,386.15,3,6.638610837076824,0,0,0,22.0,29.73
14336.0,17,90,1614.91,4,20.100564330752228,1,1,1,86.0,94.72
15002.0,116,370,4817.28,9,13.90501779408765,0,0,0,72.0,77.74
15426.0,19,534,2615.39,9,12.073178889286536,1,3,3,71.0,73.69
12457.0,66,85,2995.91,8,26.59128131759172,0,0,4,53.0,84.81
12720.0,3,509,8260.67,30,5.348331430083967,4,6,8,17.0,19.03
12784.0,9,131,1804.75,3,44.99207443622859,2,2,2,260.0,285.79
16804.0,23,60,536.99,3,32.15666101226349,2,2,2,124.0,169.91
13931.0,96,271,5257.38,11,17.755061255674608,0,0,0,64.0,63.99
15812.0,107,125,5201.47,12,17.446196937121954,0,0,0,56.0,52.59
13629.0,23,87,13370.86,19,16.743682067958837,1,2,3,36.0,36.09
15617.0,396,42,828.5500000000001,3,14.445482034861698,0,0,0,56.0,54.65
16351.0,333,187,3330.0299999999997,13,9.551822587029607,0,0,0,34.0,34.93
17408.0,163,8,316.09000000000003,3,126.27011862330238,0,0,0,175.0,187.21
15901.0,17,171,703.22,7,24.587204599211354,1,1,2,88.0,103.15
17025.0,61,42,1510.6399999999999,5,59.972727541612514,0,0,1,145.0,148.89
13605.0,387,53,522.67,2,25.516209026360542,0,0,0,184.0,178.29
13517.0,60,141,2128.42,3,7.3137019615460614,0,1,1,60.0,55.89
12891.0,186,11,840.5,11,46.87678885475554,0,0,0,47.0,67.16
14998.0,170,127,770.73,4,23.57475108858817,0,0,0,145.0,124.81
16855.0,24,19,328.4,2,4.478342947514801,1,2,2,19.0,19.2
14145.0,47,25,7600.05,7,56.01770876831874,0,1,1,94.0,99.2
13809.0,305,25,679.7,3,22.02551221664997,0,0,0,78.0,70.25
15787.0,26,206,948.05,3,2.4445060351935237,2,2,3,18.0,21.36
12998.0,493,58,920.08,3,16.4147566411742,0,0,0,80.0,77.68
16833.0,1,92,2409.04,6,35.32858838828913,1,1,1,124.0,117.7
17527.0,54,47,939.37,4,16.73281077768284,0,1,2,55.0,65.48
13519.0,78,19,343.21,2,85.79562278396776,0,0,1,364.0,369.52
13295.0,360,67,1101.97,4,20.754643932268383,0,0,0,72.0,79.64
15775.0,245,9,150.5,2,136.4716087690037,0,0,0,386.0,377.62
14421.0,57,96,2469.37,6,36.95624664022961,0,1,1,127.0,115.85
17006.0,5,130,1636.32,8,33.79399587170396,2,3,4,91.0,94.59
13429.0,11,67,1006.8,4,5.08656991234697,1,3,4,21.0,20.2
14182.0,444,50,678.77,4,12.677481509154962,0,0,0,51.0,45.59
15660.0,25,161,2812.99,15,15.670545568922389,2,2,3,46.0,46.2
12943.0,558,25,496.5,2,9.59383482590078,0,0,0,47.0,54.79
15127.0,66,28,711.5,2,87.37234073736337,0,0,1,454.0,440.21
13544.0,40,258,829.0,6,19.395773036235283,0,1,1,121.0,110.47
14949.0,469,27,515.0,4,35.89883220727596,0,0,0,84.0,95.5
17321.0,8,295,1741.18,6,21.4450245627813,1,1,2,114.0,121.7
15265.0,151,193,3345.64,4,28.86305263057466,0,0,0,195.0,156.73
17032.0,548,239,3004.6,8,5.846263168572025,0,0,0,26.0,29.99
14431.0,303,81,2614.2,4,28.32706526596567,0,0,0,128.0,128.04
16531.0,22,138,2298.33,11,16.02409360255981,1,2,3,42.0,53.66
13299.0,268,62,1218.7,3,23.714029418401896,0,0,0,130.0,114.67
15018.0,39,36,607.46,3,40.4817211578159,0,1,1,164.0,157.27
16983.0,13,249,3710.22,11,10.236347645141064,2,2,2,43.0,45.46
17448.0,497,1117,14556.97,46,1.4696272977518405,0,0,0,3.0,10.14
14099.0,16,525,5765.71,20,7.684775236643367,1,2,3,38.0,32.67
13684.0,286,109,596.98,4,19.904972844121986,0,0,0,112.0,104.17
15683.0,117,26,524.54,2,71.2,0,0,0,356.0,355.63
14562.0,4,611,6729.400000000001,26,7.19514168012981,5,8,11,27.0,23.2
12575.0,457,38,622.8199999999999,2,11.343530124069655,0,0,0,69.0,72.03
14447.0,19,106,1711.73,6,20.05640854713336,1,3,3,76.0,73.61
14871.0,3,201,1258.97,9,20.208609911937646,1,1,1,92.0,75.31
14720.0,6,37,663.81,3,14.983800776648284,1,1,2,60.0,52.94
12490.0,5,462,9823.64,21,9.437070245697027,3,4,4,37.0,34.47
15659.0,44,21,532.49,3,94.37796352962908,0,1,1,304.0,258.05
13648.0,400,106,1764.02,8,16.45844472999812,0,0,0,48.0,57.46
12694.0,70,83,1843.35,3,28.809211050861506,0,0,1,175.0,172.45
14754.0,45,137,1550.48,6,27.76901201559825,0,1,1,129.0,114.9
18002.0,376,54,249.92,4,28.089673427535647,0,0,0,118.0,102.34
12500.0,23,146,5955.21,19,16.93607826878575,1,4,5,36.0,35.11
14821.0,367,72,1286.45,7,28.345710004406712,0,0,0,52.0,74.05
15599.0,27,83,1250.06,3,32.825618479255176,1,1,1,210.0,181.99
13642.0,216,114,514.72,4,20.413642843924062,0,0,0,72.0,109.55
16910.0,4,547,1510.06,8,2.0314395506260006,2,3,7,12.0,15.9
15771.0,604,28,1006.54,3,15.605262462522587,0,0,0,44.0,45.89
16143.0,3,239,4910.83,12,15.008669739789816,1,1,1,66.0,61.33
14469.0,416,147,2112.21,4,13.01681083040754,0,0,0,88.0,77.59
15774.0,69,113,1329.94,6,34.763028445723,0,0,1,117.0,119.54
15819.0,49,260,3934.79,10,14.602037821656603,0,1,1,65.0,67.58
14230.0,436,33,979.8000000000001,3,19.79898987322333,0,0,0,56.0,69.48
12835.0,428,620,6043.31,41,2.2295714400883977,0,0,0,8.0,11.96
17463.0,16,324,2557.91,7,16.460202111830053,1,2,2,95.0,110.38
16088.0,576,6,1437.43,2,6.708203932499369,0,0,0,15.0,20.39
15347.0,366,41,1363.6,4,6.8528489303017945,0,0,0,24.0,28.7
17830.0,2,23,398.7,3,55.45695651560791,1,1,1,144.0,185.7
14522.0,24,46,1758.6200000000001,8,61.09399944083518,1,1,2,94.0,88.8
16817.0,3,151,2804.9,13,15.077905075855538,1,2,2,36.0,49.71
18260.0,173,411,9962.11,23,8.669303954603745,0,0,0,25.0,30.14
15065.0,38,166,3326.86,5,15.04886595703333,0,1,1,93.0,73.87
16177.0,50,118,2247.31,8,36.736415855746166,0,1,1,85.0,92.54
15441.0,396,57,1254.21,3,40.86092583067912,0,0,0,167.0,170.56
14030.0,18,866,8262.29,20,8.274814280747371,1,1,2,37.0,44.37
15416.0,65,228,4572.82,7,20.19869913838914,0,0,1,102.0,91.65
13524.0,41,27,680.1800000000001,5,17.881877375195774,0,1,2,45.0,51.89
16259.0,410,93,361.94,3,20.225898163536254,0,0,0,97.0,117.98
14004.0,43,241,6258.45,11,11.072317592801955,0,1,2,39.0,51.87
13476.0,179,106,2061.4700000000003,5,23.034998853075123,0,0,0,116.0,104.51
16713.0,19,1336,14560.69,32,4.463862123470997,2,2,4,23.0,24.27
15257.0,283,12,685.9,2,39.196474795109275,0,0,0,130.0,162.98
16571.0,27,255,4248.74,10,14.91039757370405,1,1,1,67.0,68.85
15785.0,33,225,5969.93,16,14.839348301313217,0,1,1,46.0,43.14
17829.0,299,171,4756.74,5,16.49308201228126,0,0,0,89.0,97.59
15805.0,23,531,10189.23,30,8.434825105818868,1,5,6,24.0,25.73
14134.0,383,180,11123.35,15,9.84160220136438,0,0,0,25.0,39.96
18247.0,415,37,839.73,3,25.764301006415955,0,0,0,108.0,92.97
15471.0,2,162,1316.56,3,32.51639576873211,1,1,1,274.0,239.11
17853.0,407,106,1608.19,3,26.094758992687527,0,0,0,164.0,165.65
15033.0,5,510,2586.67,10,5.421428143198111,2,4,4,36.0,28.9
17802.0,82,540,5053.12,10,12.107687317206295,0,0,1,72.0,67.42
13147.0,10,4,712.8000000000001,4,23.437861108329262,1,3,3,30.0,54.64
